contract_id,klant_id,startdatum,einddatum,abonnementstype,maandelijkse_kosten
CN50806,K0001,2019-04-11,2020-06-27,Goud,49.86
CN91974,K0002,2019-09-06,2020-08-12,Platina,87.18
CN86534,K0002,2018-01-26,2019-07-08,Goud,38.49
CN95230,K0003,2019-02-06,2020-06-27,Basis,34.28
CN44911,K0004,2018-08-27,,Platina,77.78
CN64771,K0005,2019-03-25,2021-01-23,Basis,31.29
CN26032,K0005,2019-06-29,2020-01-01,Goud,87.85
CN18705,K0006,2018-01-16,2020-01-13,Basis,85.4
CN86918,K0006,2019-07-05,2021-06-06,Platina,86.45
CN72516,K0007,2019-07-23,2020-09-30,Platina,37.56
CN58285,K0008,2019-05-04,2020-10-28,Platina,98.83
CN38529,K0008,2018-12-28,2019-10-31,Goud,61.0
CN33752,K0009,2018-07-06,2019-08-26,Zilver,71.6
CN84532,K0010,2017-01-04,2018-09-17,Goud,85.81
CN41653,K0010,2017-05-08,2017-12-15,Zilver,64.33
CN58756,K0011,2019-09-25,2021-04-04,Zilver,31.2
CN14263,K0012,2019-04-05,2020-07-14,Zilver,68.04
CN21664,K0013,2019-04-01,2020-12-25,Zilver,52.35
CN71120,K0014,2018-09-26,2019-08-01,Goud,27.23
CN99599,K0014,2018-01-06,2018-08-02,Platina,77.52
CN63302,K0015,2019-01-14,2020-02-24,Goud,96.33
CN84478,K0016,2017-03-10,2018-07-14,Platina,32.96
CN34058,K0016,2017-09-01,2019-07-03,Basis,32.37
CN25048,K0017,2017-06-03,2019-02-22,Platina,78.26
CN34354,K0018,2017-03-02,2017-10-09,Goud,26.22
CN98929,K0019,2017-06-21,2019-02-25,Platina,48.88
CN67134,K0019,2017-02-13,2017-08-28,Platina,63.35
CN77957,K0020,2017-12-05,2018-08-22,Platina,87.94
CN87454,K0020,2018-06-21,2020-03-27,Goud,99.01
CN39711,K0021,2018-06-22,,Goud,99.95
CN54813,K0022,2019-09-08,2020-05-30,Goud,75.79
CN16737,K0022,2017-05-17,2019-03-25,Goud,88.96
CN76150,K0023,2019-09-22,2021-04-25,Basis,72.01
CN92050,K0024,2019-09-22,2020-09-23,Basis,62.42
CN50998,K0024,2019-09-13,2020-09-09,Goud,84.32
CN89273,K0025,2017-12-15,2019-07-14,Platina,38.64
CN39430,K0025,2017-11-07,2018-10-22,Basis,62.31
CN55084,K0026,2018-08-31,,Zilver,27.08
CN43039,K0026,2017-11-14,2019-01-12,Platina,41.73
CN20816,K0027,2017-09-23,2019-03-15,Zilver,20.27
CN65619,K0028,2017-05-22,2018-11-28,Zilver,38.69
CN99431,K0029,2018-03-08,2019-10-07,Platina,37.46
CN47573,K0030,2019-03-16,2019-11-11,Goud,90.33
CN44636,K0030,2017-10-29,2019-04-05,Zilver,33.36
CN44157,K0031,2019-02-11,2020-06-14,Zilver,23.76
CN65554,K0031,2019-04-05,,Platina,48.01
CN56600,K0032,2017-02-23,2017-10-07,Goud,67.78
CN35425,K0033,2018-07-27,2020-05-26,Zilver,99.71
CN70504,K0034,2017-06-09,2018-04-04,Basis,91.59
CN33874,K0035,2018-09-02,2019-11-22,Goud,30.36
CN56542,K0036,2017-07-14,,Platina,94.53
CN43742,K0037,2019-08-13,2020-09-21,Zilver,40.78
CN19903,K0038,2017-06-25,2019-03-20,Basis,91.56
CN12396,K0039,2018-08-16,2019-06-05,Goud,85.97
CN96231,K0040,2017-02-09,2017-09-16,Goud,89.45
CN93624,K0040,2017-04-02,2018-09-16,Basis,86.96
CN79274,K0041,2018-11-24,2019-11-08,Zilver,35.14
CN12719,K0042,2019-01-17,2019-08-15,Goud,38.29
CN58845,K0043,2019-07-16,2020-04-02,Basis,60.6
CN85418,K0044,2019-08-20,,Basis,64.79
CN11007,K0045,2017-08-11,2019-04-30,Zilver,42.67
CN71246,K0045,2018-03-31,2019-05-17,Platina,70.61
CN93807,K0046,2017-02-06,2018-05-09,Platina,25.43
CN73888,K0046,2019-01-01,2020-01-07,Zilver,57.89
CN77889,K0047,2018-04-19,,Zilver,97.88
CN37083,K0047,2017-10-12,2018-11-22,Goud,25.25
CN37082,K0048,2018-10-08,2019-06-23,Zilver,20.08
CN99186,K0049,2018-03-06,2019-06-13,Basis,88.34
CN60975,K0049,2017-09-28,2018-08-30,Zilver,81.83
CN54413,K0050,2017-01-22,2018-10-22,Platina,22.5
CN38602,K0050,2019-09-16,2020-04-03,Platina,51.81
CN22857,K0051,2018-03-29,2019-10-16,Platina,77.95
CN92711,K0052,2019-08-15,,Platina,65.02
CN31563,K0052,2018-05-07,2019-05-29,Zilver,36.3
CN95553,K0053,2017-11-05,2019-10-05,Platina,21.43
CN62098,K0054,2019-08-18,2021-08-02,Platina,83.72
CN38541,K0055,2019-01-04,2020-01-24,Platina,39.8
CN64615,K0056,2018-11-09,2020-09-19,Platina,44.83
CN36589,K0057,2018-12-22,2019-08-30,Platina,51.64
CN31804,K0058,2018-08-30,2019-08-10,Basis,88.81
CN79298,K0059,2018-03-01,2019-09-23,Platina,31.67
CN84319,K0059,2018-08-11,2019-03-24,Zilver,69.45
CN59153,K0060,2018-11-04,2019-12-30,Basis,27.03
CN62326,K0060,2019-08-31,2020-06-21,Zilver,98.2
CN78577,K0061,2018-11-17,2019-09-14,Zilver,33.4
CN11925,K0061,2017-11-01,2019-03-12,Basis,94.9
CN36289,K0062,2017-08-11,2019-03-29,Platina,84.14
CN56163,K0063,2017-04-21,2018-06-25,Platina,63.81
CN66446,K0063,2017-11-10,2018-05-30,Basis,33.12
CN11560,K0064,2019-08-29,2020-03-07,Basis,69.26
CN38380,K0064,2017-05-27,2018-11-13,Goud,54.69
CN12920,K0065,2017-11-03,2019-11-01,Goud,72.03
CN26309,K0065,2018-12-15,2019-07-17,Goud,36.29
CN84131,K0066,2017-11-28,2018-11-01,Basis,47.67
CN90818,K0067,2018-01-17,2019-12-29,Platina,67.04
CN87539,K0067,2017-09-07,2018-06-30,Zilver,67.82
CN27778,K0068,2019-02-13,2020-06-01,Zilver,92.99
CN94878,K0068,2017-09-25,2018-11-15,Basis,30.53
CN76061,K0069,2017-04-10,2019-01-27,Zilver,61.01
CN80135,K0069,2017-10-20,,Goud,48.74
CN77649,K0070,2019-01-13,2019-12-03,Goud,72.54
CN22588,K0070,2018-03-25,2019-11-18,Goud,56.3
CN81260,K0071,2017-01-10,2018-04-04,Zilver,73.55
CN89530,K0072,2017-09-14,2018-07-23,Platina,76.54
CN65204,K0073,2019-06-05,,Goud,73.1
CN36155,K0073,2017-06-14,2018-10-11,Platina,66.83
CN30337,K0074,2019-06-21,2020-08-24,Zilver,24.57
CN90896,K0075,2017-10-20,,Goud,37.98
CN19200,K0076,2019-01-27,2019-09-22,Goud,23.33
CN75661,K0077,2017-10-03,2018-11-28,Zilver,45.85
CN66503,K0077,2019-03-08,2020-03-06,Goud,61.74
CN32911,K0078,2018-03-04,2019-06-20,Zilver,44.63
CN33196,K0079,2019-08-04,2021-02-08,Platina,38.76
CN58320,K0079,2018-05-10,2019-01-30,Goud,98.29
CN91040,K0080,2019-08-28,2021-04-12,Zilver,89.51
CN41890,K0081,2019-05-31,2020-11-05,Goud,72.71
CN18125,K0081,2017-02-22,2018-06-20,Platina,32.74
CN82460,K0082,2019-08-24,2020-07-29,Basis,27.24
CN39165,K0082,2017-06-08,2019-04-07,Platina,73.41
CN35426,K0083,2018-04-27,2019-11-24,Basis,85.43
CN13726,K0083,2017-12-10,,Basis,49.32
CN18927,K0084,2017-05-23,2019-03-06,Basis,55.55
CN70233,K0085,2019-09-13,2020-12-02,Zilver,57.08
CN45631,K0085,2017-01-03,2017-09-24,Zilver,58.33
CN31636,K0086,2017-08-09,2018-07-08,Zilver,62.13
CN91709,K0087,2017-10-27,2018-06-06,Zilver,77.24
CN79967,K0088,2017-01-21,2018-08-30,Goud,25.7
CN88612,K0089,2019-03-04,,Basis,48.13
CN46378,K0090,2017-11-30,2019-06-05,Basis,84.24
CN74157,K0090,2017-10-18,,Zilver,51.99
CN54139,K0091,2018-10-06,2019-07-02,Zilver,83.98
CN84172,K0092,2018-08-06,2019-12-10,Zilver,93.42
CN52668,K0093,2018-03-28,2019-10-13,Zilver,28.98
CN19435,K0093,2017-05-21,2018-03-14,Basis,83.5
CN41401,K0094,2017-01-10,2018-07-21,Platina,81.6
CN65826,K0095,2017-06-03,2018-09-18,Platina,53.9
CN75481,K0096,2019-05-07,2020-03-27,Basis,53.92
CN27014,K0096,2018-08-04,2020-05-27,Basis,27.66
CN33711,K0097,2019-03-16,2020-11-03,Goud,38.56
CN17421,K0097,2018-08-13,2019-04-26,Basis,99.02
CN65754,K0098,2017-09-20,2019-03-27,Goud,47.29
CN41007,K0099,2018-06-15,2019-07-17,Goud,81.81
CN26456,K0099,2017-02-05,2018-07-22,Platina,49.36
CN14255,K0100,2018-03-01,,Basis,41.69
CN55113,K0100,2018-12-13,2019-08-16,Goud,35.23
CN68576,K0101,2018-12-28,2019-12-14,Goud,78.45
CN54843,K0101,2019-03-09,,Zilver,96.61
CN38982,K0102,2018-04-22,2019-08-01,Platina,52.76
CN39328,K0103,2018-09-25,2019-05-17,Platina,73.19
CN82982,K0103,2019-09-07,2021-08-01,Platina,97.93
CN92205,K0104,2018-06-01,2019-08-02,Basis,27.43
CN86559,K0104,2018-02-10,2019-11-07,Platina,82.56
CN94328,K0105,2018-05-24,2020-03-14,Basis,47.71
CN48067,K0105,2019-01-31,2020-10-20,Zilver,55.78
CN75450,K0106,2018-04-11,2019-08-14,Goud,99.37
CN22329,K0106,2017-04-11,2018-06-08,Zilver,85.4
CN83165,K0107,2017-06-07,2018-07-07,Zilver,31.3
CN34226,K0108,2019-08-06,,Zilver,32.3
CN58895,K0109,2018-04-11,2019-05-01,Zilver,85.8
CN15901,K0110,2017-09-10,2018-12-22,Basis,68.5
CN45298,K0111,2017-08-26,2019-03-09,Basis,86.02
CN27347,K0111,2018-10-15,2019-08-07,Basis,38.6
CN21871,K0112,2019-08-14,2020-02-21,Platina,44.95
CN28268,K0113,2018-06-16,2020-03-03,Goud,69.57
CN89364,K0113,2017-03-01,2018-12-07,Goud,35.34
CN56332,K0114,2018-10-04,2020-04-17,Goud,75.6
CN71588,K0115,2019-09-10,2020-05-29,Basis,82.62
CN33291,K0116,2019-06-02,2020-08-17,Basis,60.75
CN51779,K0116,2018-09-07,2019-06-14,Basis,69.91
CN52468,K0117,2018-02-26,2019-04-12,Platina,52.38
CN36715,K0117,2019-02-07,2020-11-30,Zilver,86.2
CN73037,K0118,2018-08-21,2020-07-10,Goud,53.49
CN15542,K0119,2018-08-14,2020-05-25,Basis,37.22
CN26052,K0119,2017-08-01,2018-09-26,Zilver,25.17
CN80331,K0120,2017-06-13,2019-03-19,Goud,56.35
CN20749,K0120,2017-11-04,2018-11-01,Platina,89.17
CN36035,K0121,2019-02-03,2020-03-15,Basis,56.76
CN40911,K0121,2017-01-21,2018-08-20,Basis,72.7
CN16172,K0122,2017-05-09,2018-03-14,Basis,87.27
CN38602,K0123,2019-08-14,2020-09-28,Zilver,70.93
CN40111,K0123,2017-03-20,2018-03-07,Platina,60.98
CN73530,K0124,2017-01-08,,Basis,25.77
CN98340,K0125,2018-04-28,2018-11-10,Platina,48.26
CN74027,K0125,2018-01-01,2019-02-12,Goud,33.93
CN86295,K0126,2019-02-12,2020-07-25,Platina,53.94
CN27630,K0127,2019-09-19,2021-03-19,Platina,81.54
CN87360,K0128,2017-11-25,2019-08-29,Platina,69.2
CN71558,K0129,2018-09-09,2019-08-23,Zilver,91.67
CN15978,K0129,2019-02-17,2020-01-11,Platina,29.12
CN19503,K0130,2018-11-24,2019-10-29,Platina,72.52
CN36806,K0131,2018-06-06,2019-09-01,Basis,49.77
CN87425,K0132,2019-04-26,2020-02-23,Zilver,41.9
CN94080,K0133,2018-12-26,2019-12-12,Platina,99.39
CN86272,K0133,2017-05-02,2019-04-25,Platina,93.51
CN25997,K0134,2017-05-29,2018-12-26,Platina,79.86
CN67941,K0134,2017-08-26,,Zilver,98.77
CN65731,K0135,2019-05-10,2021-02-13,Goud,97.21
CN67804,K0135,2018-04-08,2019-11-15,Zilver,63.38
CN93986,K0136,2017-12-19,2019-11-13,Goud,75.11
CN39806,K0137,2017-04-18,2018-10-16,Platina,56.92
CN59666,K0138,2018-08-07,2019-06-11,Basis,42.23
CN78056,K0138,2018-04-28,2019-06-05,Zilver,79.39
CN47900,K0139,2017-08-19,2018-04-21,Basis,64.34
CN20805,K0139,2018-08-21,2019-10-08,Platina,79.66
CN25379,K0140,2018-09-25,2020-05-14,Goud,80.5
CN92617,K0140,2019-01-05,2019-09-11,Platina,50.83
CN33705,K0141,2017-01-20,2019-01-05,Basis,73.04
CN74429,K0141,2019-04-02,,Platina,34.51
CN78099,K0142,2017-01-20,2018-04-17,Basis,71.39
CN16643,K0143,2019-01-11,2020-06-09,Platina,24.22
CN24226,K0143,2018-06-20,2019-05-27,Goud,21.83
CN88229,K0144,2019-03-28,,Platina,46.74
CN20258,K0145,2017-11-10,2018-09-02,Platina,49.88
CN86256,K0145,2017-12-16,2018-12-13,Zilver,49.71
CN26184,K0146,2019-02-02,2020-11-18,Platina,43.96
CN40447,K0147,2018-02-05,2019-02-17,Goud,29.47
CN24472,K0148,2018-07-13,2019-03-27,Zilver,67.02
CN44865,K0148,2018-05-20,2020-03-29,Goud,22.1
CN45525,K0149,2019-05-12,2020-07-18,Basis,94.37
CN80553,K0150,2019-01-27,2020-09-23,Goud,50.15
CN35279,K0151,2019-07-22,2020-03-06,Basis,76.48
CN66614,K0151,2018-08-25,,Zilver,92.75
CN17531,K0152,2017-11-09,2018-11-05,Platina,51.91
CN11431,K0152,2018-08-19,,Platina,23.57
CN83997,K0153,2017-08-08,2018-07-16,Platina,97.99
CN17896,K0153,2018-02-04,2019-01-31,Basis,41.45
CN12643,K0154,2019-03-24,,Zilver,92.51
CN40682,K0155,2018-06-17,2019-06-27,Goud,26.91
CN87454,K0156,2019-09-05,2020-09-21,Platina,94.95
CN32669,K0157,2018-10-28,2020-08-29,Basis,59.56
CN44521,K0157,2017-01-21,2017-10-09,Basis,65.23
CN16588,K0158,2018-01-06,2019-07-23,Basis,21.76
CN43365,K0159,2018-12-09,,Goud,63.61
CN28474,K0160,2018-07-27,2020-01-11,Basis,83.34
CN60669,K0160,2017-06-26,2019-06-04,Zilver,87.75
CN78673,K0161,2019-05-03,2021-03-29,Zilver,56.98
CN84071,K0161,2019-05-30,2021-02-02,Goud,61.0
CN47823,K0162,2018-07-25,2019-09-20,Platina,40.69
CN40573,K0162,2018-06-16,2019-05-15,Platina,61.55
CN24939,K0163,2019-01-14,2020-02-10,Zilver,39.1
CN39118,K0163,2018-11-11,2019-07-06,Zilver,25.22
CN51971,K0164,2019-06-18,2020-01-27,Goud,28.44
CN42658,K0164,2018-03-12,2019-09-21,Basis,97.16
CN43243,K0165,2017-09-25,2018-03-31,Basis,66.21
CN31038,K0165,2018-08-20,2019-04-28,Goud,93.21
CN90257,K0166,2017-07-29,2019-05-07,Goud,69.08
CN11898,K0166,2019-05-27,2020-08-07,Platina,60.56
CN27071,K0167,2017-05-09,2019-04-08,Goud,45.05
CN12591,K0167,2019-09-17,,Basis,84.29
CN41852,K0168,2019-06-06,2019-12-18,Goud,29.79
CN43691,K0168,2018-11-01,2020-01-23,Zilver,98.38
CN36819,K0169,2017-09-04,,Basis,85.84
CN59416,K0170,2018-01-17,2019-02-27,Platina,93.46
CN40090,K0170,2018-10-08,2019-11-02,Zilver,85.73
CN10587,K0171,2018-04-02,2019-05-12,Platina,62.03
CN35556,K0171,2017-10-04,2018-09-04,Goud,31.36
CN94246,K0172,2017-11-03,2019-04-04,Platina,66.18
CN97969,K0173,2019-04-17,2020-07-28,Zilver,45.19
CN48547,K0174,2017-06-05,2018-01-17,Platina,99.34
CN97960,K0174,2019-01-29,2020-02-03,Goud,44.42
CN60100,K0175,2018-06-17,2019-07-28,Zilver,80.74
CN60939,K0176,2018-04-05,2019-11-06,Basis,91.91
CN68810,K0176,2017-04-25,,Goud,51.18
CN84567,K0177,2018-07-04,2019-05-21,Zilver,50.43
CN18472,K0177,2018-06-26,2020-05-12,Platina,79.19
CN94866,K0178,2018-09-06,2019-05-26,Zilver,75.95
CN82766,K0178,2017-10-11,2018-09-28,Basis,44.38
CN66307,K0179,2018-09-25,2020-08-12,Zilver,37.48
CN69711,K0180,2019-04-09,2021-01-12,Basis,57.5
CN21240,K0181,2018-10-16,,Goud,78.42
CN24849,K0182,2018-12-09,2019-08-13,Basis,46.43
CN33567,K0183,2019-07-26,2020-05-27,Basis,87.05
CN75087,K0183,2018-03-08,2019-05-29,Zilver,88.46
CN54900,K0184,2018-10-23,2020-03-10,Goud,59.07
CN19168,K0185,2017-07-20,,Zilver,90.32
CN16581,K0186,2017-01-08,2018-05-03,Platina,57.15
CN92325,K0187,2019-05-23,2019-12-14,Platina,95.85
CN38803,K0188,2019-02-27,2021-01-11,Goud,60.99
CN18770,K0188,2018-06-24,2020-01-30,Zilver,41.01
CN52752,K0189,2017-06-11,2018-11-19,Platina,70.73
CN36512,K0189,2017-09-19,2018-10-17,Basis,57.8
CN34000,K0190,2017-10-10,2019-07-18,Basis,46.51
CN93375,K0190,2019-01-23,2020-09-17,Basis,57.94
CN68557,K0191,2018-10-15,,Platina,22.94
CN27087,K0192,2019-05-15,2020-10-16,Zilver,51.74
CN15463,K0192,2019-04-02,2020-10-14,Basis,42.76
CN80028,K0193,2019-05-06,2020-05-02,Platina,76.18
CN62780,K0194,2019-06-26,2020-11-19,Basis,51.19
CN82124,K0195,2017-11-28,2019-08-25,Platina,43.74
CN88682,K0196,2017-04-13,2018-06-16,Zilver,24.09
CN34995,K0196,2018-03-07,2019-07-23,Zilver,27.38
CN26715,K0197,2018-02-16,2018-11-06,Zilver,45.69
CN44610,K0198,2019-07-24,2020-05-03,Goud,67.9
CN56619,K0199,2017-07-29,2018-05-22,Goud,77.92
CN43154,K0199,2018-10-29,2020-09-21,Platina,99.3
CN44624,K0200,2017-03-22,2018-06-12,Goud,66.18
CN87872,K0200,2019-09-13,2021-03-02,Goud,47.45
CN20516,K0201,2018-02-12,,Zilver,88.15
CN46788,K0202,2018-09-03,2020-05-03,Zilver,83.12
CN27858,K0202,2017-07-07,2019-01-01,Goud,88.6
CN25434,K0203,2017-02-10,,Platina,20.98
CN95920,K0204,2019-04-05,2020-01-27,Platina,49.96
CN31312,K0205,2018-10-30,2019-05-04,Basis,95.73
CN12011,K0205,2019-02-26,2020-03-13,Goud,47.25
CN21120,K0206,2018-04-20,2019-02-19,Zilver,87.77
CN27438,K0207,2019-07-19,2021-03-29,Platina,33.39
CN80188,K0207,2018-03-10,2019-09-16,Platina,27.94
CN87362,K0208,2017-12-29,2019-09-17,Zilver,45.06
CN12169,K0208,2017-05-05,2018-07-03,Basis,49.63
CN40403,K0209,2019-05-19,2019-12-19,Zilver,86.14
CN24973,K0209,2018-01-04,2018-09-17,Platina,22.48
CN25848,K0210,2017-10-05,2018-06-09,Basis,62.58
CN74386,K0210,2017-12-31,2019-07-12,Zilver,86.15
CN92302,K0211,2018-07-17,2020-05-23,Platina,38.8
CN40654,K0212,2017-12-25,2019-11-03,Platina,99.98
CN49420,K0213,2017-04-21,2018-03-05,Basis,78.77
CN94754,K0214,2017-04-14,2018-05-12,Basis,78.47
CN45428,K0214,2018-06-04,2019-09-10,Platina,92.56
CN34842,K0215,2017-03-05,2017-11-30,Zilver,62.67
CN17684,K0216,2017-09-03,2019-03-31,Basis,74.46
CN76418,K0216,2019-07-26,2021-06-28,Goud,61.03
CN38064,K0217,2019-01-18,2020-02-29,Zilver,80.94
CN40386,K0217,2018-02-03,2019-12-13,Basis,98.46
CN58456,K0218,2018-08-27,2020-02-22,Platina,88.32
CN90018,K0218,2019-04-29,2020-09-26,Goud,90.68
CN60876,K0219,2019-04-17,2019-10-26,Goud,78.72
CN96698,K0220,2018-04-25,2018-11-12,Goud,75.4
CN61151,K0220,2019-03-21,2020-08-01,Platina,84.35
CN66622,K0221,2018-07-01,2019-10-09,Goud,99.83
CN20886,K0221,2017-09-21,,Goud,79.03
CN96156,K0222,2018-07-03,,Platina,94.97
CN30131,K0223,2017-05-08,2018-05-23,Goud,69.09
CN64189,K0223,2017-04-14,2019-03-29,Zilver,52.6
CN34322,K0224,2019-09-18,2021-03-08,Zilver,84.66
CN94050,K0224,2018-11-16,,Goud,89.52
CN66699,K0225,2019-07-25,2021-01-29,Platina,58.26
CN73671,K0225,2017-11-18,2019-08-09,Goud,36.89
CN80263,K0226,2017-10-22,2019-07-14,Zilver,41.29
CN77904,K0226,2018-09-22,2019-11-06,Basis,71.24
CN71202,K0227,2019-02-20,2021-02-01,Basis,80.77
CN48333,K0228,2017-12-03,2018-11-30,Zilver,66.87
CN41921,K0229,2018-07-20,2019-06-24,Platina,38.77
CN94227,K0229,2017-02-22,2018-10-02,Basis,93.34
CN22237,K0230,2018-04-11,2018-10-19,Zilver,30.71
CN58688,K0230,2017-12-20,2018-08-31,Goud,28.22
CN54757,K0231,2019-05-11,2020-04-08,Zilver,91.66
CN65103,K0232,2019-03-29,2020-10-18,Basis,94.47
CN15571,K0232,2018-09-25,2019-08-07,Platina,92.58
CN58695,K0233,2017-05-21,2018-02-07,Platina,74.01
CN72368,K0234,2018-11-29,2020-09-09,Platina,70.62
CN22180,K0235,2019-08-09,2020-07-28,Goud,73.31
CN64040,K0235,2019-07-18,2021-07-02,Zilver,41.52
CN27508,K0236,2019-09-06,,Zilver,96.54
CN97697,K0236,2018-06-24,2019-12-10,Platina,49.5
CN12257,K0237,2019-05-23,2021-02-15,Basis,85.77
CN62389,K0237,2017-01-31,2019-01-08,Goud,78.44
CN93692,K0238,2019-09-20,2020-06-25,Zilver,51.58
CN33554,K0238,2019-02-15,2020-05-02,Platina,97.97
CN64336,K0239,2017-05-29,2019-05-18,Platina,26.83
CN36672,K0239,2017-08-23,2018-10-03,Zilver,82.56
CN38172,K0240,2017-02-13,2017-10-03,Basis,92.89
CN34472,K0241,2019-09-09,2021-04-08,Goud,52.34
CN22828,K0241,2017-01-17,2018-01-13,Goud,90.21
CN29611,K0242,2017-07-07,2018-08-20,Platina,81.83
CN81354,K0242,2017-04-14,,Goud,84.57
CN40431,K0243,2018-02-25,2019-01-04,Basis,47.34
CN30093,K0243,2017-02-24,2019-01-23,Platina,20.11
CN66547,K0244,2018-01-08,2019-11-02,Goud,74.05
CN38151,K0245,2017-11-27,2019-01-05,Platina,36.57
CN12204,K0245,2017-02-28,2018-03-09,Zilver,68.26
CN68585,K0246,2017-03-20,2018-01-17,Platina,96.62
CN71215,K0247,2018-09-23,2020-05-28,Platina,82.15
CN87240,K0248,2018-07-25,2019-04-20,Zilver,87.78
CN65751,K0249,2017-10-28,2019-03-30,Platina,92.51
CN42430,K0250,2018-02-16,2019-12-18,Platina,46.99
CN46081,K0251,2018-12-01,2019-11-04,Zilver,31.78
CN86721,K0251,2017-01-05,2018-06-29,Zilver,62.37
CN37076,K0252,2019-01-06,2019-11-03,Zilver,41.98
CN53309,K0253,2018-03-22,2019-04-15,Basis,56.69
CN87227,K0253,2017-01-03,2018-12-01,Basis,24.0
CN64110,K0254,2018-12-22,2020-05-15,Platina,72.73
CN83402,K0255,2017-09-29,2018-12-04,Zilver,61.8
CN48870,K0256,2017-05-19,2018-11-06,Goud,37.12
CN76155,K0256,2019-09-05,,Goud,78.57
CN34820,K0257,2017-12-20,2019-03-17,Platina,98.18
CN86253,K0258,2018-06-04,2019-04-20,Platina,44.8
CN55242,K0259,2019-04-13,2020-12-09,Platina,65.21
CN87960,K0259,2019-05-04,2020-01-31,Basis,20.72
CN29710,K0260,2019-09-15,2021-08-06,Goud,23.68
CN84671,K0261,2019-02-03,2020-06-18,Goud,40.31
CN93596,K0261,2017-06-04,2018-11-14,Basis,29.48
CN77712,K0262,2018-03-14,2019-05-14,Platina,61.02
CN13696,K0263,2019-01-23,2020-08-28,Goud,66.17
CN14956,K0264,2017-01-17,2018-04-15,Platina,65.91
CN73232,K0264,2017-03-23,2018-08-08,Zilver,90.19
CN19256,K0265,2018-09-20,2019-12-09,Basis,38.3
CN74503,K0265,2017-07-12,2019-02-12,Basis,37.99
CN56002,K0266,2018-12-10,2020-02-18,Basis,61.34
CN90070,K0266,2017-10-09,2019-05-14,Goud,92.3
CN53798,K0267,2018-07-06,2020-02-10,Zilver,91.11
CN49464,K0267,2019-01-24,2019-11-08,Platina,46.53
CN41555,K0268,2018-07-12,,Zilver,95.26
CN55095,K0269,2019-06-16,2020-12-13,Goud,46.58
CN94995,K0270,2019-09-16,2021-08-31,Goud,61.25
CN98691,K0270,2018-03-09,,Goud,94.48
CN59976,K0271,2017-09-11,2018-09-06,Basis,53.33
CN98454,K0272,2017-11-22,2019-05-12,Goud,44.34
CN48578,K0272,2017-11-13,2018-12-09,Zilver,78.35
CN55475,K0273,2019-04-24,2019-11-27,Goud,53.28
CN70957,K0273,2019-06-28,2020-12-01,Zilver,85.44
CN96511,K0274,2018-02-15,2019-03-07,Goud,99.96
CN38884,K0274,2019-01-10,2020-12-17,Zilver,67.25
CN40881,K0275,2017-09-29,,Goud,61.41
CN37128,K0276,2018-10-13,,Basis,68.12
CN21108,K0277,2017-04-21,2018-03-19,Zilver,82.46
CN30583,K0277,2017-07-10,2018-03-27,Goud,77.15
CN23689,K0278,2017-07-17,2018-01-13,Goud,88.04
CN94444,K0279,2018-08-16,2020-04-04,Basis,47.63
CN46176,K0280,2017-12-06,2019-04-07,Goud,81.18
CN63312,K0280,2019-05-30,2020-05-18,Basis,50.44
CN83155,K0281,2017-04-10,2019-04-03,Zilver,21.28
CN36400,K0282,2019-06-03,,Zilver,87.46
CN80533,K0283,2019-06-19,2020-10-25,Basis,62.74
CN10389,K0284,2017-12-05,2018-12-12,Platina,34.34
CN62815,K0284,2019-04-12,2021-02-02,Goud,90.35
CN37798,K0285,2018-10-22,2019-07-23,Zilver,89.71
CN21889,K0286,2017-11-09,2019-10-08,Platina,98.55
CN82827,K0287,2017-07-29,2019-06-08,Basis,63.91
CN26523,K0288,2018-07-19,2019-12-11,Basis,94.8
CN41802,K0288,2018-06-01,,Basis,42.86
CN36049,K0289,2018-05-04,2018-11-18,Zilver,49.91
CN13765,K0289,2018-03-28,2019-07-09,Goud,70.58
CN32931,K0290,2017-08-03,2019-03-08,Basis,46.02
CN64845,K0290,2019-04-11,2020-10-02,Basis,98.17
CN72120,K0291,2018-06-02,2019-10-19,Basis,35.19
CN97728,K0291,2018-04-13,2019-12-08,Platina,25.92
CN51167,K0292,2019-02-17,2019-11-21,Zilver,43.0
CN70710,K0293,2017-06-15,2018-01-02,Goud,26.05
CN74619,K0293,2017-08-18,2018-03-05,Goud,69.89
CN91730,K0294,2019-04-14,2020-11-27,Zilver,40.07
CN55800,K0295,2017-03-14,2019-01-03,Goud,41.69
CN84816,K0295,2018-05-23,2019-08-03,Goud,28.47
CN12994,K0296,2019-04-01,2019-12-15,Platina,20.53
CN51243,K0296,2017-09-05,2019-04-21,Basis,21.23
CN11920,K0297,2017-01-07,2017-11-19,Zilver,51.92
CN34351,K0297,2017-08-25,2018-04-07,Zilver,98.16
CN88513,K0298,2019-04-22,2020-10-22,Goud,91.2
CN70686,K0299,2017-05-07,2018-12-16,Platina,54.75
CN14138,K0300,2019-07-12,2020-09-11,Basis,73.65
CN53764,K0301,2017-07-31,,Goud,24.0
CN70128,K0301,2018-03-12,,Basis,21.27
CN37586,K0302,2019-08-02,2020-11-19,Zilver,68.54
CN76897,K0303,2018-06-12,2019-11-11,Zilver,50.66
CN86162,K0304,2018-03-19,2019-07-30,Zilver,61.09
CN99160,K0304,2019-06-07,2021-04-10,Basis,66.76
CN29296,K0305,2017-10-22,2019-04-23,Zilver,88.79
CN30025,K0306,2018-07-22,2019-07-23,Goud,71.04
CN48506,K0306,2019-01-12,2020-09-02,Basis,82.72
CN56218,K0307,2019-05-16,2020-01-13,Zilver,21.75
CN64122,K0307,2019-02-11,2020-03-10,Zilver,22.26
CN23261,K0308,2017-07-26,2018-05-30,Zilver,72.41
CN35500,K0308,2018-01-20,2018-08-25,Basis,82.92
CN45436,K0309,2017-01-21,2018-03-18,Goud,74.81
CN12187,K0309,2019-03-14,,Platina,55.46
CN36489,K0310,2018-06-19,2019-09-18,Platina,89.81
CN58516,K0310,2019-01-19,2020-05-23,Platina,70.58
CN40816,K0311,2017-12-28,2019-05-05,Basis,28.21
CN76197,K0312,2017-01-06,2017-10-21,Basis,88.71
CN26322,K0313,2017-03-28,2019-01-01,Zilver,55.14
CN11700,K0313,2018-12-27,2020-09-23,Goud,34.34
CN64316,K0314,2018-01-07,2019-11-12,Basis,79.25
CN24955,K0314,2018-08-20,2020-05-10,Zilver,43.74
CN40954,K0315,2017-10-16,,Platina,91.27
CN56313,K0315,2019-09-01,2020-06-21,Platina,44.88
CN54942,K0316,2017-09-04,2018-07-07,Zilver,96.79
CN95280,K0317,2017-12-29,2019-11-17,Zilver,89.72
CN18640,K0317,2017-07-14,2018-12-05,Basis,60.01
CN42972,K0318,2017-05-21,2018-02-17,Platina,68.45
CN81696,K0319,2017-11-13,2019-03-02,Goud,29.14
CN40009,K0319,2019-03-05,2020-07-01,Basis,96.12
CN60940,K0320,2019-01-23,2020-12-31,Goud,64.85
CN52056,K0321,2018-02-20,2019-09-02,Platina,80.21
CN35963,K0322,2018-05-20,2019-10-17,Goud,42.84
CN14994,K0323,2018-12-19,2020-08-02,Goud,26.06
CN61759,K0324,2017-02-26,,Zilver,25.36
CN65480,K0324,2018-06-18,2020-05-15,Platina,97.45
CN57937,K0325,2017-04-26,,Basis,84.31
CN43402,K0325,2017-12-01,2019-11-12,Zilver,45.69
CN89930,K0326,2017-01-03,2018-01-23,Goud,49.57
CN18026,K0327,2018-07-26,2019-05-23,Zilver,37.41
CN27889,K0328,2017-09-13,2019-02-22,Basis,28.29
CN74712,K0328,2017-02-17,2018-09-28,Zilver,63.84
CN30176,K0329,2018-03-05,2019-12-24,Goud,73.69
CN96598,K0329,2018-12-05,2019-07-16,Platina,35.6
CN86502,K0330,2019-06-21,2021-03-03,Goud,67.77
CN36069,K0330,2018-07-30,2020-05-29,Zilver,32.52
CN61727,K0331,2018-03-21,2019-06-12,Platina,67.08
CN20625,K0331,2019-04-05,2019-11-10,Zilver,89.49
CN37216,K0332,2017-10-27,2019-05-24,Zilver,75.69
CN17485,K0332,2018-01-31,2019-08-04,Platina,54.49
CN61877,K0333,2019-03-17,2021-01-29,Goud,70.91
CN75133,K0333,2017-05-09,2018-04-09,Basis,72.38
CN53395,K0334,2019-03-01,2020-11-06,Platina,80.87
CN32867,K0335,2019-09-11,2021-02-11,Platina,32.05
CN30884,K0335,2018-01-27,,Platina,39.47
CN95679,K0336,2019-04-08,2020-02-01,Zilver,54.32
CN88278,K0337,2018-11-30,2020-10-13,Platina,73.34
CN60357,K0337,2019-07-03,2020-09-12,Basis,25.38
CN43724,K0338,2017-01-27,2018-04-27,Goud,84.11
CN33386,K0338,2018-07-27,,Goud,65.69
CN80130,K0339,2017-09-10,2019-06-10,Zilver,65.29
CN42933,K0339,2018-05-23,2019-09-18,Goud,81.15
CN46607,K0340,2018-03-09,,Goud,20.43
CN86312,K0340,2018-05-30,2019-06-21,Platina,99.25
CN49850,K0341,2017-01-19,2018-10-10,Basis,38.31
CN80532,K0342,2019-05-05,2021-04-23,Goud,55.44
CN99765,K0343,2019-06-19,2020-04-06,Basis,60.32
CN56646,K0343,2017-10-15,2018-10-18,Zilver,49.85
CN46182,K0344,2017-03-16,2018-06-15,Basis,71.54
CN74575,K0345,2017-07-01,2019-03-30,Goud,67.94
CN33470,K0346,2018-09-08,2020-04-15,Basis,86.99
CN22192,K0347,2018-03-10,2019-10-14,Goud,33.71
CN66541,K0347,2017-07-26,2018-11-13,Zilver,62.87
CN35380,K0348,2017-03-31,2017-12-29,Basis,42.16
CN34519,K0348,2019-03-15,2020-11-21,Platina,48.39
CN99049,K0349,2018-10-22,,Zilver,93.25
CN88653,K0349,2017-12-06,2019-08-16,Goud,36.9
CN69546,K0350,2019-08-13,2020-10-04,Basis,84.01
CN52788,K0351,2018-05-26,2019-02-02,Zilver,75.3
CN19076,K0351,2017-08-11,2018-10-28,Zilver,30.23
CN88768,K0352,2019-01-13,2020-05-15,Basis,88.2
CN97985,K0352,2017-12-16,2019-10-20,Goud,36.86
CN12775,K0353,2019-02-02,,Zilver,25.99
CN67124,K0353,2019-02-22,2020-12-17,Zilver,33.28
CN71799,K0354,2017-10-23,2018-12-12,Goud,46.1
CN52043,K0354,2019-06-23,2020-03-21,Zilver,40.52
CN54825,K0355,2018-02-24,,Zilver,91.86
CN87694,K0356,2019-08-18,2020-07-28,Platina,26.62
CN13373,K0356,2018-10-04,2019-05-02,Platina,32.48
CN32765,K0357,2018-05-01,2019-07-20,Platina,69.92
CN29520,K0357,2017-04-22,2019-01-07,Goud,98.74
CN51185,K0358,2019-04-05,,Basis,35.26
CN55991,K0358,2017-03-30,2019-03-09,Basis,88.98
CN53856,K0359,2019-09-02,2021-07-15,Platina,91.16
CN90072,K0360,2017-08-06,2018-04-24,Goud,64.77
CN41480,K0360,2017-02-07,2018-03-04,Goud,83.98
CN45303,K0361,2018-03-15,2019-03-16,Basis,91.19
CN90059,K0361,2017-08-17,2019-03-09,Zilver,89.57
CN77231,K0362,2017-05-12,2018-01-18,Goud,31.3
CN85485,K0362,2018-02-26,2018-12-22,Goud,37.5
CN73909,K0363,2019-01-28,2020-09-04,Platina,64.7
CN21874,K0364,2017-07-04,2018-01-05,Zilver,49.39
CN59500,K0364,2018-11-30,2019-08-12,Goud,47.01
CN39437,K0365,2017-12-11,2018-10-13,Basis,89.93
CN63772,K0365,2018-05-02,2019-11-15,Basis,89.65
CN10336,K0366,2019-08-03,2020-10-31,Zilver,41.23
CN81386,K0366,2019-06-16,2020-09-10,Basis,95.57
CN86474,K0367,2019-02-15,2020-06-23,Basis,57.45
CN62495,K0367,2018-05-12,2019-04-12,Goud,58.98
CN49519,K0368,2018-05-26,2019-09-03,Zilver,51.83
CN40676,K0368,2017-04-04,2018-09-03,Zilver,36.36
CN41923,K0369,2019-04-29,2021-02-03,Zilver,81.88
CN63664,K0370,2018-04-16,,Basis,55.05
CN56922,K0371,2018-01-02,2018-07-01,Zilver,37.24
CN99037,K0371,2019-03-11,2020-01-24,Basis,68.67
CN62265,K0372,2018-10-29,2019-11-02,Zilver,24.44
CN85476,K0372,2018-09-07,2019-12-03,Basis,86.81
CN35068,K0373,2018-01-25,,Platina,54.49
CN23682,K0373,2018-12-13,2020-01-29,Goud,43.4
CN44642,K0374,2017-04-25,2019-01-14,Goud,41.24
CN11051,K0375,2017-01-06,2017-11-28,Zilver,69.57
CN87475,K0376,2018-01-06,2019-03-05,Zilver,56.45
CN37323,K0377,2017-10-15,2018-07-26,Zilver,83.56
CN89866,K0377,2017-09-09,2019-02-25,Platina,40.88
CN14567,K0378,2019-03-27,2020-12-12,Platina,56.23
CN53919,K0378,2019-07-23,2021-05-24,Platina,67.62
CN15698,K0379,2018-01-10,2019-12-27,Zilver,20.4
CN54041,K0379,2018-09-22,2019-06-01,Goud,92.35
CN59422,K0380,2017-07-14,,Goud,37.0
CN28782,K0381,2018-07-10,2019-10-14,Zilver,91.65
CN16511,K0382,2017-05-12,2018-02-02,Basis,55.2
CN39523,K0383,2018-11-01,2020-05-11,Basis,85.8
CN55939,K0383,2018-04-14,2019-12-30,Zilver,74.57
CN84711,K0384,2017-09-07,2019-01-01,Basis,51.21
CN51430,K0384,2017-03-11,2017-12-27,Platina,66.51
CN66561,K0385,2019-09-15,2020-09-20,Zilver,46.14
CN96207,K0386,2018-12-13,2020-10-25,Basis,27.9
CN44028,K0387,2017-11-07,2019-11-05,Zilver,37.18
CN24011,K0388,2018-07-25,2020-06-17,Goud,72.7
CN79497,K0389,2017-04-18,2019-01-02,Zilver,40.77
CN49454,K0389,2019-01-05,2020-11-09,Platina,22.18
CN85886,K0390,2018-03-15,2019-06-15,Basis,40.23
CN84960,K0391,2018-05-05,2019-12-31,Zilver,58.19
CN69993,K0392,2017-07-27,2018-01-30,Basis,26.78
CN82045,K0393,2018-05-11,2020-01-09,Zilver,50.48
CN85504,K0394,2018-10-17,2020-09-04,Goud,44.26
CN75942,K0395,2017-03-01,2017-09-02,Basis,68.13
CN78154,K0396,2017-01-05,2018-12-17,Platina,69.54
CN70294,K0397,2019-02-24,2020-04-27,Platina,39.13
CN25086,K0397,2018-02-03,2018-08-20,Platina,75.47
CN28279,K0398,2019-07-04,2020-04-30,Platina,68.95
CN47663,K0399,2017-11-23,2019-05-19,Platina,53.05
CN39134,K0400,2017-05-08,2018-12-06,Goud,43.04
CN72653,K0400,2019-03-19,,Platina,53.53
CN38807,K0401,2019-05-14,2020-07-03,Platina,97.49
CN60113,K0401,2017-06-08,2018-06-23,Platina,24.02
CN63218,K0402,2018-01-06,2018-10-15,Zilver,80.19
CN26806,K0402,2018-10-20,2019-10-31,Platina,55.51
CN11657,K0403,2017-06-22,,Basis,54.5
CN51247,K0403,2017-01-04,2017-10-03,Zilver,87.54
CN68579,K0404,2019-06-09,2021-03-06,Zilver,46.02
CN13722,K0404,2019-06-10,2021-02-25,Goud,98.27
CN51938,K0405,2019-08-17,2021-05-09,Basis,88.58
CN93136,K0405,2018-05-19,2020-02-11,Platina,50.58
CN12123,K0406,2019-02-18,2021-01-12,Goud,56.77
CN11814,K0407,2017-04-23,2018-06-27,Zilver,69.82
CN56335,K0407,2017-06-24,2018-02-27,Goud,53.38
CN95016,K0408,2019-09-21,2020-11-10,Zilver,91.84
CN16782,K0408,2018-05-09,2019-09-14,Basis,24.19
CN85874,K0409,2017-04-26,2017-12-09,Goud,21.9
CN78477,K0410,2017-08-02,2019-06-15,Platina,42.22
CN34816,K0411,2019-03-21,2019-11-09,Goud,51.43
CN80122,K0412,2017-07-06,2018-09-20,Goud,39.83
CN15877,K0413,2017-03-17,2018-08-11,Zilver,24.95
CN89943,K0413,2019-07-12,2020-10-16,Goud,30.56
CN38202,K0414,2019-07-31,2020-02-07,Basis,37.74
CN62003,K0415,2018-01-11,2019-12-11,Platina,24.04
CN76630,K0416,2017-03-17,2018-10-17,Basis,89.65
CN91326,K0417,2017-10-20,2018-10-29,Zilver,64.22
CN33862,K0418,2018-09-10,2019-03-29,Platina,63.79
CN79855,K0419,2019-04-18,2020-03-26,Platina,33.7
CN96486,K0420,2019-05-18,2019-12-13,Zilver,35.47
CN10691,K0420,2019-04-10,2020-05-14,Platina,44.95
CN98302,K0421,2019-01-13,2021-01-11,Goud,86.09
CN38164,K0422,2017-10-15,2019-05-05,Platina,72.51
CN70380,K0423,2018-11-08,2020-02-08,Platina,26.5
CN87986,K0424,2018-10-11,2019-08-21,Basis,60.57
CN10287,K0424,2018-02-19,2019-07-22,Zilver,54.75
CN48751,K0425,2017-05-10,2018-05-18,Platina,71.59
CN41831,K0425,2018-02-27,2019-04-27,Basis,30.33
CN68251,K0426,2017-01-04,,Goud,57.68
CN31684,K0427,2017-12-14,2019-04-28,Zilver,83.32
CN95962,K0428,2019-03-03,,Platina,27.46
CN59346,K0428,2017-11-27,2019-09-30,Zilver,91.17
CN89443,K0429,2019-08-20,,Zilver,31.47
CN43065,K0429,2017-04-06,2018-10-18,Platina,45.91
CN39092,K0430,2017-12-27,2019-07-03,Zilver,30.48
CN69754,K0430,2018-06-18,2019-06-17,Goud,78.73
CN15543,K0431,2017-06-09,2019-03-24,Basis,57.23
CN79345,K0431,2017-07-20,,Platina,22.23
CN58803,K0432,2018-08-01,2019-12-14,Platina,59.41
CN51486,K0432,2018-01-21,2018-10-05,Platina,67.36
CN29053,K0433,2017-05-05,2018-08-07,Zilver,87.19
CN16135,K0433,2018-12-29,2019-11-01,Zilver,77.18
CN63687,K0434,2017-01-22,2018-02-11,Basis,44.63
CN90165,K0434,2019-07-30,2020-07-07,Goud,40.29
CN86436,K0435,2017-05-03,2018-12-03,Platina,30.22
CN82684,K0436,2019-09-18,2021-04-15,Goud,64.53
CN35256,K0437,2018-07-12,,Zilver,93.47
CN33382,K0438,2019-02-12,2019-11-27,Platina,43.06
CN50222,K0438,2017-07-25,,Goud,48.53
CN76471,K0439,2017-04-20,2018-04-24,Basis,96.61
CN19726,K0440,2018-10-07,2019-10-22,Basis,50.72
CN40791,K0441,2019-07-30,2021-06-16,Goud,58.4
CN24389,K0441,2019-07-29,2021-01-02,Zilver,25.26
CN99524,K0442,2018-07-12,2019-07-19,Goud,45.46
CN64383,K0442,2018-12-07,2020-04-25,Goud,49.17
CN57315,K0443,2018-11-06,2020-08-21,Basis,40.54
CN17130,K0443,2018-11-10,2020-01-06,Basis,82.43
CN53059,K0444,2017-07-07,2019-03-19,Goud,69.37
CN50745,K0445,2017-02-12,2018-03-09,Zilver,28.64
CN23331,K0445,2017-01-26,2018-05-19,Platina,24.56
CN38621,K0446,2018-03-11,2019-04-01,Goud,71.02
CN14837,K0447,2018-06-07,2020-02-03,Basis,69.09
CN40771,K0448,2019-05-17,2020-07-01,Zilver,91.49
CN83369,K0449,2017-09-24,2019-03-16,Zilver,64.52
CN43367,K0450,2018-07-17,,Platina,24.55
CN25989,K0451,2018-01-16,2018-11-09,Platina,51.67
CN40133,K0452,2017-01-07,2018-07-06,Basis,40.07
CN67656,K0453,2018-05-13,2020-05-01,Zilver,85.26
CN46386,K0454,2018-04-12,2019-03-21,Zilver,59.94
CN31164,K0455,2018-12-21,2020-08-05,Goud,56.17
CN25540,K0456,2019-08-05,2021-01-23,Platina,56.6
CN66809,K0457,2018-02-26,2019-07-10,Goud,71.9
CN93384,K0457,2018-12-23,2019-12-06,Goud,62.02
CN19121,K0458,2019-01-12,2020-12-04,Platina,78.75
CN20310,K0458,2018-03-03,,Zilver,49.09
CN22242,K0459,2017-10-18,2019-09-17,Platina,63.22
CN71816,K0460,2019-03-22,2020-06-26,Zilver,33.77
CN17354,K0461,2018-06-12,2019-11-28,Goud,67.65
CN34495,K0462,2018-07-05,2019-10-31,Goud,60.2
CN81947,K0463,2018-11-01,2020-02-01,Zilver,48.78
CN83984,K0463,2017-03-31,2018-06-08,Goud,90.01
CN19927,K0464,2017-03-31,2018-10-21,Platina,52.43
CN75449,K0465,2019-07-03,,Basis,31.93
CN27653,K0466,2018-09-22,2019-08-22,Basis,21.03
CN54148,K0466,2018-06-25,2019-05-31,Goud,68.83
CN28690,K0467,2019-06-04,,Goud,92.19
CN73851,K0468,2018-02-26,2019-10-19,Goud,35.75
CN49516,K0468,2018-06-07,2019-06-17,Platina,64.37
CN65798,K0469,2018-01-18,2018-11-27,Basis,21.17
CN81334,K0469,2019-02-02,2019-12-22,Platina,53.21
CN82095,K0470,2018-09-23,2020-05-27,Basis,68.35
CN87606,K0471,2017-02-22,2018-12-13,Zilver,26.41
CN56418,K0471,2019-07-14,2020-05-11,Zilver,36.18
CN46133,K0472,2017-02-04,2019-01-02,Basis,96.19
CN18531,K0473,2019-06-23,2021-05-22,Goud,60.46
CN48220,K0474,2018-03-27,2019-02-05,Goud,90.24
CN16470,K0475,2017-11-30,2019-04-26,Goud,82.22
CN24308,K0475,2017-08-14,2019-04-10,Platina,23.65
CN36299,K0476,2017-07-27,,Zilver,80.54
CN24506,K0477,2019-07-26,2021-03-16,Zilver,74.75
CN75066,K0477,2018-03-03,2018-09-23,Zilver,42.87
CN28610,K0478,2018-03-20,2019-07-31,Platina,52.86
CN69872,K0479,2017-05-17,2018-07-02,Platina,34.17
CN42230,K0480,2017-11-19,2019-10-17,Zilver,59.23
CN35425,K0480,2018-12-10,,Goud,36.62
CN80219,K0481,2019-03-24,2020-09-23,Goud,54.96
CN19190,K0481,2017-04-21,2018-12-30,Basis,74.98
CN55760,K0482,2018-01-09,2019-09-08,Goud,79.17
CN65371,K0482,2018-12-27,2020-09-06,Goud,41.81
CN55747,K0483,2018-11-30,2020-03-12,Basis,34.5
CN81138,K0483,2017-02-06,2018-09-18,Platina,63.89
CN24997,K0484,2018-09-30,2020-03-05,Platina,70.62
CN61413,K0485,2018-03-20,2019-05-09,Basis,54.72
CN14758,K0486,2019-07-10,2021-05-08,Goud,73.54
CN10490,K0487,2019-05-25,2020-11-06,Zilver,66.05
CN44650,K0488,2019-07-06,2020-11-09,Basis,37.97
CN27065,K0489,2019-06-02,,Goud,82.42
CN39320,K0489,2017-12-06,2019-05-16,Basis,65.39
CN58940,K0490,2018-06-17,2019-03-13,Basis,55.24
CN61137,K0491,2017-04-11,2018-11-12,Basis,45.52
CN94517,K0491,2017-10-24,2018-09-02,Zilver,21.92
CN11378,K0492,2019-04-14,2020-03-26,Basis,27.31
CN49255,K0492,2017-05-26,2018-07-20,Basis,40.29
CN14603,K0493,2019-09-23,,Zilver,66.17
CN80354,K0494,2019-07-01,2020-08-04,Basis,79.99
CN93791,K0495,2019-04-21,2019-11-28,Platina,83.26
CN50581,K0496,2018-06-30,2019-12-06,Basis,54.12
CN90158,K0496,2019-05-14,2019-12-27,Zilver,81.81
CN69123,K0497,2019-01-26,2020-04-23,Basis,84.95
CN56216,K0498,2018-05-31,2019-06-05,Zilver,94.62
CN76323,K0499,2017-05-23,2018-01-26,Goud,73.04
CN83324,K0499,2019-02-09,,Zilver,36.67
CN17533,K0500,2017-01-08,,Platina,91.79
